{
  "hash": "3a8eae2b",
  "configHash": "8227a5c1",
  "lockfileHash": "59cd9f40",
  "browserHash": "79957019",
  "optimized": {
    "@angular/common": {
      "src": "../../../../../../node_modules/@angular/common/fesm2022/common.mjs",
      "file": "@angular_common.js",
      "fileHash": "2e81af70",
      "needsInterop": false
    },
    "@angular/common/http": {
      "src": "../../../../../../node_modules/@angular/common/fesm2022/http.mjs",
      "file": "@angular_common_http.js",
      "fileHash": "3f4815b7",
      "needsInterop": false
    },
    "@angular/core": {
      "src": "../../../../../../node_modules/@angular/core/fesm2022/core.mjs",
      "file": "@angular_core.js",
      "fileHash": "67a1a0b6",
      "needsInterop": false
    },
    "@angular/platform-browser": {
      "src": "../../../../../../node_modules/@angular/platform-browser/fesm2022/platform-browser.mjs",
      "file": "@angular_platform-browser.js",
      "fileHash": "65acfbc9",
      "needsInterop": false
    },
    "@angular/router": {
      "src": "../../../../../../node_modules/@angular/router/fesm2022/router.mjs",
      "file": "@angular_router.js",
      "fileHash": "3e013952",
      "needsInterop": false
    },
    "zone.js": {
      "src": "../../../../../../node_modules/zone.js/fesm2015/zone.js",
      "file": "zone__js.js",
      "fileHash": "cc0348f6",
      "needsInterop": true
    },
    "@angular/forms": {
      "src": "../../../../../../node_modules/@angular/forms/fesm2022/forms.mjs",
      "file": "@angular_forms.js",
      "fileHash": "2c863e7a",
      "needsInterop": false
    }
  },
  "chunks": {
    "chunk-VOSJOFCV": {
      "file": "chunk-VOSJOFCV.js"
    },
    "chunk-CL6LP4KP": {
      "file": "chunk-CL6LP4KP.js"
    },
    "chunk-HAMHCTG3": {
      "file": "chunk-HAMHCTG3.js"
    },
    "chunk-FTJJFYDV": {
      "file": "chunk-FTJJFYDV.js"
    },
    "chunk-TF2444HP": {
      "file": "chunk-TF2444HP.js"
    },
    "chunk-WDMUDEB6": {
      "file": "chunk-WDMUDEB6.js"
    }
  }
}